firstName,lastName,userName,email,dateOfBirth,mobileNumber,password
Justin,Diaz,JustinDiaz,Justin.Diaz@gmail.com,2005-06-29,(326)149-8817,v^5BXk2C
Nicholas,Ramirez,NicholasRamirez,Nicholas.Ramirez@gmail.com,1997-07-09,(460)046-2526,S%4*Fhu!
Karen,Vazquez,KarenVazquez,Karen.Vazquez@gmail.com,1996-10-21,810-242-6064x1832,@r+4Skek
Rachael,Byrd,RachaelByrd,Rachael.Byrd@gmail.com,2003-03-14,(847)565-2882,+1#VVrwL
Heidi,Fox,HeidiFox,Heidi.Fox@gmail.com,1998-08-16,+1-702-130-2404,zq@4$Dav
Kayla,Quinn,KaylaQuinn,Kayla.Quinn@gmail.com,1996-11-11,070-009-9401,s+92GEiy
Richard,Porter,RichardPorter,Richard.Porter@gmail.com,2006-02-07,001-359-693-4327,^Dv4Ctho
Heather,Long,HeatherLong,Heather.Long@gmail.com,2002-09-16,(233)735-8868,4@fV7FXm
Nancy,Floyd,NancyFloyd,Nancy.Floyd@gmail.com,1999-09-09,+1-825-201-5873x666,(gm6LGdl
Diane,Brown,DianeBrown,Diane.Brown@gmail.com,1993-11-01,279-567-5712x42509,m&5Y9KQg
Taylor,Deleon,TaylorDeleon,Taylor.Deleon@gmail.com,2007-07-01,934-852-5237,b)5RyXTm
Jose,Herring,JoseHerring,Jose.Herring@gmail.com,1992-10-19,315-828-4424x600,o(3^REYv
Jennifer,Kelly,JenniferKelly,Jennifer.Kelly@gmail.com,2006-06-18,303.204.3824x681,Nk&8Ylc^
Robert,Diaz,RobertDiaz,Robert.Diaz@gmail.com,1994-10-12,983-624-9239,1b_6%%Uo
Adrian,Solis,AdrianSolis,Adrian.Solis@gmail.com,1997-02-10,6806634583,V(B5tFJz
Melvin,Weaver,MelvinWeaver,Melvin.Weaver@gmail.com,1994-11-20,(974)049-8695x729,Y^49LqH$
Jonathan,Chaney,JonathanChaney,Jonathan.Chaney@gmail.com,1998-05-19,366-484-2863,N+l4Myw6
Jesus,Stevenson,JesusStevenson,Jesus.Stevenson@gmail.com,1994-01-29,382.586.8933,*k7^JjYy
Brandon,Joseph,BrandonJoseph,Brandon.Joseph@gmail.com,1992-11-18,001-130-914-5621x4550,2l+Qr7Ap
Jennifer,Beck,JenniferBeck,Jennifer.Beck@gmail.com,1995-10-16,(593)878-6734x240,E8%4RlSC
Richard,Morris,RichardMorris,Richard.Morris@gmail.com,2004-05-22,(835)492-0209,u@29MSlt
Laura,Scott,LauraScott,Laura.Scott@gmail.com,1993-06-20,+1-694-619-7229,)93N$Rd!
Christopher,Reid,ChristopherReid,Christopher.Reid@gmail.com,1992-06-03,(271)403-7229,x&09ZtZk
Connor,Lewis,ConnorLewis,Connor.Lewis@gmail.com,1985-08-09,001-922-044-6457x5391,PG+4HpOi
Walter,Kennedy,WalterKennedy,Walter.Kennedy@gmail.com,2003-12-16,851.798.6346,!*rvK3Lz
Bryan,Barber,BryanBarber,Bryan.Barber@gmail.com,1999-08-06,+1-316-876-6629x5443,(p8ImjVe
Todd,Walton,ToddWalton,Todd.Walton@gmail.com,1996-11-08,139.887.2210,*2On*3dx
Lori,Bruce,LoriBruce,Lori.Bruce@gmail.com,2001-04-14,844-786-4769x95480,)3Y__or9
Patty,Goodman,PattyGoodman,Patty.Goodman@gmail.com,2000-08-27,+1-725-672-4291,Q#pC0Dru
Joshua,Mccarty,JoshuaMccarty,Joshua.Mccarty@gmail.com,2003-09-16,3914408538,^9jFHW!n
David,Gomez,DavidGomez,David.Gomez@gmail.com,1997-01-27,628-702-4133x7985,*8(7wAfn
Christopher,Quinn,ChristopherQuinn,Christopher.Quinn@gmail.com,1998-05-16,(404)226-1874x67740,$^%O9uJl
Amanda,Lawrence,AmandaLawrence,Amanda.Lawrence@gmail.com,1992-12-25,(303)570-3260,@5GIVKhw
Justin,Ruiz,JustinRuiz,Justin.Ruiz@gmail.com,2004-12-27,317-531-3572x7694,*6gDlUKS
James,Johnson,JamesJohnson,James.Johnson@gmail.com,1986-06-28,(641)977-2717x33191,#H4VRkqh
Lance,Blackwell,LanceBlackwell,Lance.Blackwell@gmail.com,2003-01-29,5746352925,_7pPW_mq
Doris,Hurley,DorisHurley,Doris.Hurley@gmail.com,1994-03-25,001-925-123-0597x519,j@2PhLjK
Evelyn,Smith,EvelynSmith,Evelyn.Smith@gmail.com,2005-04-01,001-668-868-9635,G+1pPVt1
Thomas,Alvarez,ThomasAlvarez,Thomas.Alvarez@gmail.com,1998-06-17,129-691-9251,y*Upt8Io
Christine,Thompson,ChristineThompson,Christine.Thompson@gmail.com,2000-02-16,011-258-5910x17559,)2%VcOrp
William,Torres,WilliamTorres,William.Torres@gmail.com,2001-11-22,496-998-4663x1163,#bdW3+Qi
Abigail,Ramos,AbigailRamos,Abigail.Ramos@gmail.com,1993-01-22,998-648-3316,!Gyx4ImH
Robert,Anderson,RobertAnderson,Robert.Anderson@gmail.com,1993-04-15,104.704.3007x102,r_g9wDZm
Michael,Lee,MichaelLee,Michael.Lee@gmail.com,1994-07-24,152.478.8762x4326,1#21KlNI
Jessica,Garza,JessicaGarza,Jessica.Garza@gmail.com,1995-09-19,001-378-157-8878x48329,!2(Th33k
Dennis,Williams,DennisWilliams,Dennis.Williams@gmail.com,1926-03-25,+1-991-600-7923x37274,i!x0MR&l
Taylor,Burns,TaylorBurns,Taylor.Burns@gmail.com,2003-05-04,+1-480-950-5078,m%03Ws)y
Benjamin,Davidson,BenjaminDavidson,Benjamin.Davidson@gmail.com,1994-01-17,+1-453-226-4516,HZ!9$1Mw
Marcus,Mueller,MarcusMueller,Marcus.Mueller@gmail.com,2003-03-08,001-717-217-5559x906,*k3cA@dX
Rachel,Dunn,RachelDunn,Rachel.Dunn@gmail.com,2003-04-22,101-203-4751x58818,(k2Y%Op2
Matthew,Rodriguez,MatthewRodriguez,Matthew.Rodriguez@gmail.com,2005-08-14,(372)771-6373,@kH6EC^w
Stephen,Rodriguez,StephenRodriguez,Stephen.Rodriguez@gmail.com,2002-08-30,567.986.3589x774,jg#5C+Sz
Monica,Lee,MonicaLee,Monica.Lee@gmail.com,1997-09-14,637.596.5473,*&FI#6Xy
Robert,Smith,RobertSmith,Robert.Smith@gmail.com,1994-06-10,(567)562-9141,@%5b7Cw5
Paul,Cook,PaulCook,Paul.Cook@gmail.com,1994-08-01,(643)250-4651,@0cFN7mw
Whitney,Rivera,WhitneyRivera,Whitney.Rivera@gmail.com,2005-06-13,918-544-8973,_&3PkCjz
Melissa,Gutierrez,MelissaGutierrez,Melissa.Gutierrez@gmail.com,2000-08-31,798.307.5391x3175,$m!H7F_o
Laurie,Rose,LaurieRose,Laurie.Rose@gmail.com,2004-01-31,443-287-7909x2590,b1(5Ei+u
Carlos,Williams,CarlosWilliams,Carlos.Williams@gmail.com,1996-09-22,194-482-2992,@3VUc@aK
William,Warren,WilliamWarren,William.Warren@gmail.com,2002-12-30,+1-777-705-9073x279,d&JG0Ebe
Lisa,Taylor,LisaTaylor,Lisa.Taylor@gmail.com,1997-10-22,819-587-1691,$+p4wWwu
Jessica,Maldonado,JessicaMaldonado,Jessica.Maldonado@gmail.com,1996-03-23,6808138346,*57@SnUx
Roger,Parsons,RogerParsons,Roger.Parsons@gmail.com,2006-06-22,381.429.0684,@IX1kUln
Nicole,Stephenson,NicoleStephenson,Nicole.Stephenson@gmail.com,2000-03-10,(872)205-2939,k^%O!9Nu
Jesus,Daniels,JesusDaniels,Jesus.Daniels@gmail.com,2007-09-04,786.697.6215x180,+0xE63Mv
